"Name",,"Address","City","State","Homephone","Make ","Engine","Email Id"
"  Wesley","T","test","Hamburg","saskatchewan","454-5454","Audi","2.5l","test@gmail.com"
"Testa","P","test","Hamburg","saskatchewan ","454-5454 ","Audi","2.5l","test@gmail.com"
"Cam","Tom","test","Hamburg","saskatchewan","454-5523 ","Audi","2.5l","test@gmail.com"
"stus","s","test","Branfordtest","saskatchewan","454-5425 ","Audi","2.5l","test@gmail.com"
"minu","h","test","Branfordtest","ontario","454-5454 ","Audi","2.5l","test@gmail.com"
"David","P","test","Branfordtest","quebec","454-5426 ","Audi","2.5l","test@gmail.com"
"Siso","sam","test","Branfordtest","quebec","454-5454 ","Audi","2.5l","test@gmail.com"
"willam","T","test","Branfordtest","quebec","454-5454 ","Audi","2.5l","test@gmail.com"
"Sam","po","test","Branfordtest","ontario","454-5454 ","Audi","2.5l","test@gmail.com"
"tom","P","test","Branfordtest","ontario","454-5454 ","Audi","2.5l","test@gmail.com"
