"Name","Address","City","State","Homephone","Make ","Engine","Email Id"
"  Wesley","test","Hamburg","saskatchewan","454-5454","Audi","2.5l","test@gmail.com"
"Testa","test","Hamburg","saskatchewan ","454-5454 ","Audi","2.5l","test@gmail.com"
"Cam","test","Hamburg","saskatchewan","454-5523 ","Audi","2.5l","test@gmail.com"
"stus","test","Branfordtest","saskatchewan","454-5425 ","Audi","2.5l","test@gmail.com"
"minu","test","Branfordtest","ontario","454-5454 ","Audi","2.5l","test@gmail.com"
"David","test","Branfordtest","quebec","454-5426 ","Audi","2.5l","test@gmail.com"
"Siso","test","Branfordtest","quebec","454-5454 ","Audi","2.5l","test@gmail.com"
"willam","test","Branfordtest","quebec","454-5454 ","Audi","2.5l","test@gmail.com"
"Sam","test","Branfordtest","ontario","454-5454 ","Audi","2.5l","test@gmail.com"
"tom","test","Branfordtest","ontario","454-5454 ","Audi","2.5l","test@gmail.com"
